12.51995777,-0.298978628,1
2.684651682,-4.069882224,1
-6.485633359,-8.588355969,1
11.73198445,-3.555156581,1
10.8878444,-5.974949343,1
-7.944845777,4.734878485,1
12.05412768,-3.289012557,1
1.239090035,1.197506505,1
2.092471936,-11.12532348,1
11.86786185,-3.01352316,1
-6.769028813,-8.067039143,1
4.370272694,-10.8385274,1
0.283406298,8.032766872,1
4.756569537,-10.33397344,1
-2.566037963,-10.77460392,1
-4.527909405,7.371231191,1
12.98079664,-1.210666602,1
-8.945434958,2.190291017,1
-2.596862071,-3.233426235,1
3.874368279,-4.262413204,1
12.7060964,-2.698554239,1
-3.099976636,-3.141296769,1
-8.225466343,-4.779331653,1
-1.602440112,-10.87153484,1
0.559464402,0.444315188,1
-8.519704591,-4.767734225,1
-0.915433926,1.440949506,1
4.665420292,5.476925293,1
6.064948062,0.253672994,1
-8.663600648,3.69599509,1
-7.255431586,5.470712149,1
6.361070622,0.074355583,1
-6.043907352,-9.129415538,1
-2.274173325,1.525791808,1
1.095912024,-11.22849534,1
11.18427487,-5.83444671,1
2.376052303,-10.94160616,1
0.004637507,-11.35538419,1
9.070071887,-7.620031607,1
1.786349695,7.545096053,1
-5.748857583,6.269032764,1
-1.664924487,7.671804228,1
-1.059823338,8.137990191,1
8.517827503,-8.451233987,1
-2.597788348,7.967146256,1
-2.122270455,8.114764244,1
-2.348121637,-10.79786987,1
-8.698648183,-4.310350995,1
3.878052996,-3.949554463,1
-9.017376613,-4.02852374,1
5.468499751,5.32405669,1
1.90850957,7.890098709,1
10.90199864,-5.533596743,1
9.011658,-7.149658774,1
-9.377054901,-1.722053789,1
-0.047850399,-4.168500226,1
-1.952642142,-11.12049803,1
6.102010348,1.123391891,1
6.501048313,0.464967366,1
5.951601692,0.682817226,1
0.724059474,1.126484566,1
1.741437198,7.424952685,1
-0.4253011,-10.70748426,1
4.785205155,5.351334707,1
-8.193265755,3.62520234,1
-0.361020344,-4.525622679,1
5.25752914,5.783588486,1
-6.124328353,6.095325596,1
1.676498396,7.11930014,1
6.818469292,-9.063923519,1
1.188450649,-10.54271833,1
5.125444973,-10.73320256,1
-8.460119413,3.914705043,1
-3.247071512,-1.021518032,1
7.854097811,-8.767640084,1
-8.446010088,-5.567278737,1
-1.728317995,0.930838408,1
8.534506901,-7.753071484,1
-4.25866738,6.951297674,1
10.67102061,-5.933754645,1
-1.645496353,-10.62687373,1
-9.881966796,-1.935819993,1
-8.553354392,-5.121096261,1
-2.833775923,7.466212787,1
-9.02951981,0.833882308,1
7.694776096,-8.777322202,1
5.627124955,-2.894226958,1
7.961490549,-8.393160247,1
-8.714434509,2.808965701,1
3.873862018,-3.472937786,1
-9.440950821,0.552484641,1
2.133495886,7.0421236,1
-8.509135681,-5.451071495,1
3.351436452,-10.3045266,1
-8.629234313,3.483798405,1
2.595395044,7.431847723,1
-5.190524886,-9.177577573,1
6.39966428,-1.785457009,1
-7.163154216,4.576396595,1
-8.884880879,1.893181693,1
1.674471716,7.650686935,1
-9.346511123,-0.723710631,1
8.281252842,-8.181570575,1
-8.270722624,-5.66064206,1
2.41928649,7.457502227,1
-8.110331826,-6.971068767,1
-8.773494355,-3.986824176,1
10.44543892,-5.703977614,1
6.720988499,0.678460126,1
-2.367457398,1.405805333,1
-4.12320879,7.026672855,1
-7.933667351,-6.448963727,1
7.198495789,-9.290943546,1
-8.643042532,-5.744467744,1
5.651228969,-1.094958229,1
12.59462486,-3.68161811,1
6.516649439,2.841685566,1
-1.663148646,-4.115889045,1
11.87769943,-2.314795491,1
-0.501073549,-4.40024467,1
-0.819798903,-11.31560583,1
7.877182697,-9.164208981,1
4.811117628,-2.774670311,1
6.164739019,-0.094192546,1
4.752143361,4.753260847,1
-9.098424714,-0.82192966,1
-4.674566864,-9.201890161,1
7.207859912,0.714948907,1
8.843468161,-8.507185606,1
1.455301228,-4.495661366,1
8.700247602,-8.23037487,1
-1.332044363,-3.662000871,1
-7.209520579,-7.489564554,1
1.410543082,7.746132366,1
-9.38113654,-1.208034261,1
4.908259725,-3.105452821,1
5.309444078,4.721726055,1
12.23965732,-2.587284924,1
-0.75985716,-4.591520882,1
6.45607934,-0.502084898,1
5.091782304,-3.662821723,1
0.952901481,-10.82178349,1
12.63238919,-2.212999521,1
12.82530037,-3.171511783,1
-1.805204888,-3.255272908,1
-1.047405693,-11.21745543,1
11.92948913,-2.956067856,1
-2.332452662,1.06587492,1
-0.897810189,1.68090698,1
2.73602867,7.271141896,1
0.923148749,-5.080259917,1
-3.477327626,-1.557741017,1
1.307530178,-5.062029075,1
-3.333337648,-0.090021769,1
-3.208274027,-9.985139774,1
-8.464713423,-3.635196365,1
-3.950754747,-9.516287287,1
0.138449718,1.624162748,1
-9.003083405,2.217913127,1
0.363010899,-4.99022425,1
-8.099986721,-6.246113635,1
-7.870527163,-5.682817933,1
-5.581941531,6.32519552,1
1.755456755,-11.33817464,1
13.00886549,-1.364350721,1
-9.092428266,-1.97596214,1
3.533273831,-3.855231127,1
12.5377999,-1.721362764,1
0.274498284,7.881157751,1
11.79172759,-4.541637519,1
-3.078742788,7.438040692,1
2.137213118,-4.284501036,1
-9.258457851,-3.455726281,1
9.392760695,-7.567574111,1
1.910864431,-11.89480902,1
-2.133492342,-10.91202149,1
-0.173872759,8.2905291,1
-7.808036764,-7.048863488,1
11.61945977,-4.337019662,1
1.657689768,-4.603100993,1
-3.277583765,-1.427419838,1
-4.401835627,-9.625786414,1
1.282178406,-11.42797181,1
-9.006892732,-5.418480641,1
6.380189536,0.498080669,1
-2.865434859,7.93479736,1
-8.723602164,2.832606302,1
-8.478068683,1.561067872,1
-9.517604754,-1.173233899,1
-0.062884576,7.672761842,1
2.315675269,7.184976466,1
4.526786606,-3.431091071,1
-3.151518683,-2.193612604,1
-1.189236148,1.756135651,1
4.884621661,-3.707738746,1
12.08057321,-2.306804373,1
-8.903701213,-3.896442239,1
12.32302366,-3.331963863,1
-2.50771211,-3.412145747,1
-0.930002673,8.246142836,1
-3.415612091,-0.272685677,1
-7.849421511,3.614113926,1
6.505562218,-9.713913794,1
1.989837922,-10.76297005,1
6.588937682,1.734143724,1
-7.334461286,-6.545674963,1
-6.733924926,-8.078335675,1
0.147743627,7.659981113,1
3.17235205,-4.389577891,1
12.24528657,-3.563260056,1
11.22247185,-4.604776766,1
1.554186284,-11.27715704,1
-6.515848486,-8.166897179,1
1.942036592,-5.486210866,1
-8.730256878,-3.541646795,1
-2.984825373,-3.802729072,1
0.438049282,-11.34806322,1
-9.649094624,-2.758612913,1
-5.781664412,6.616164409,1
6.51389959,2.064359653,1
12.09749098,-3.750004555,1
-2.132403371,-2.618631656,1
-1.323682133,-4.364940437,1
12.61544212,-2.055975709,1
6.172362171,3.827090569,1
-7.615627405,5.319181644,1
-0.262251671,-4.308501128,1
-7.974849875,-5.705980222,1
2.766455668,-4.742802408,1
-7.455255286,-6.646339153,1
0.565737535,1.03564018,1
-0.720682333,-4.22631354,1
-1.49460822,-10.96632501,1
-1.35162647,7.43601315,1
-3.559899125,-0.400670462,1
6.22453738,-0.751831708,1
10.19300984,-6.228655839,1
-6.238530005,6.557413271,1
-2.950168941,1.402094215,1
-9.941948713,-2.185104715,1
-9.145565158,-3.168534062,1
5.713914648,4.18207975,1
-1.90284018,1.612586824,1
5.069633839,-9.533619,1
5.935239135,-2.415278184,1
5.308841401,-2.595161564,1
2.416731789,-4.47926999,1
-7.241949383,5.358110614,1
-7.306468946,5.258924166,1
-1.766648648,1.833992117,1
-4.526477643,-5.526131248,0
6.896722775,-5.465558768,0
9.195809075,0.787119425,0
4.29387184,9.161008603,0
4.623841288,-7.436055306,0
-2.05398486,-7.417882618,0
1.497723179,-8.293448598,0
-10.94570184,5.436601182,0
-4.41886746,-5.906270229,0
-6.23295353,-3.6649201,0
2.673460013,2.53345937,0
-9.502559081,7.975118811,0
1.826982675,-1.369584666,0
-4.644366905,4.092166839,0
-8.935077332,7.390483274,0
-3.159359604,11.03425487,0
9.26564845,2.5854649,0
9.412972234,0.125364364,0
-3.231353678,4.104572356,0
3.529482248,10.45260828,0
8.849340793,-1.955730148,0
5.122596481,9.078821735,0
2.105893225,-1.194187134,0
2.113237208,-1.695280719,0
3.171921746,-7.499088376,0
-0.708880877,-7.578449105,0
2.370034272,-0.568311009,0
-0.799481388,11.3280317,0
-5.419196975,10.02572194,0
-4.789497486,3.501749638,0
-12.27727003,1.613278864,0
-2.382901147,10.91851483,0
3.123054285,3.056649786,0
8.24632704,-3.126818759,0
1.569969311,10.74100162,0
-2.476375595,4.802400834,0
1.652124956,10.92660484,0
7.975102699,-2.838978197,0
-2.465788125,-6.827968147,0
3.202099505,2.308427498,0
4.811097709,-6.802221032,0
5.023608681,-7.18222675,0
-12.4177541,1.414098206,0
-7.299209014,9.757171721,0
-6.789086832,0.06576229,0
9.866830788,2.419617783,0
6.700397753,7.817211115,0
-1.485093979,11.20226801,0
-2.873769424,11.25640321,0
9.741136032,-0.726193346,0
-3.062626628,11.14285007,0
1.39439142,-0.850915006,0
4.387019535,9.150979863,0
-10.1138318,7.8776233,0
-9.469745258,7.137619792,0
-11.62829989,4.713779646,0
-10.11697962,5.250052349,0
9.269138897,-1.48917079,0
9.136330907,3.27833888,0
6.707487051,8.637739545,0
-11.64041953,4.269982333,0
7.77256219,6.914298541,0
3.208792285,-0.560819464,0
-2.556838948,4.812430963,0
7.980362723,-4.685262234,0
0.856714081,4.797597822,0
-3.993093528,3.727989051,0
7.911056537,-3.808168572,0
3.411975976,-7.51727196,0
1.449910689,3.773066438,0
8.526349723,-3.148367143,0
-3.887064657,-6.165582827,0
1.842051636,-7.923169471,0
-0.184248892,4.598134393,0
-7.715834293,9.298204996,0
-5.950932592,1.976736867,0
-5.160667072,-5.20770683,0
8.647332247,4.499037384,0
-3.356238239,-6.916113637,0
3.030810755,0.336571441,0
-11.50248456,5.074097732,0
9.29998776,1.907465492,0
7.415535339,-4.247044941,0
3.496909355,0.51727532,0
0.465224091,4.603163806,0
5.318799508,9.513190962,0
9.118069316,0.319842562,0
8.743198839,2.516156622,0
-12.69777877,1.581798021,0
0.764369173,10.88777372,0
2.947038731,0.50346059,0
9.074489587,4.106215465,0
5.957479076,-5.977891994,0
-3.911305484,10.88241268,0
-7.928918194,8.631911802,0
-6.680170591,9.732433749,0
-6.575783337,10.27866827,0
5.776395605,-6.71654497,0
1.570202288,3.747410447,0
-1.465729902,4.95776216,0
5.536123799,8.831022252,0
2.104300944,10.45390307,0
-7.871499139,9.455033604,0
8.944566957,4.177739996,0
8.666766669,5.954661756,0
-4.545704643,10.24184402,0
7.441212208,6.201793488,0
-2.69711395,4.613796824,0
-3.969761795,-6.472526264,0
-3.925584198,-6.404030258,0
-9.102040322,8.103872506,0
5.034334319,-7.101857034,0
-9.593504756,7.002459307,0
-9.19357479,7.79626125,0
4.799245632,9.402921459,0
-6.352582148,0.21542602,0
-6.131346414,-2.528514527,0
4.016647214,-7.477566651,0
-0.793279918,-1.255955116,0
1.177004026,-1.706849879,0
5.991096683,8.319716217,0
1.604830751,-2.408084666,0
8.139068477,-3.30513309,0
-4.816275736,-5.007830332,0
2.012161075,-7.857432862,0
-6.006502995,-4.100286929,0
-4.039931748,-5.287764007,0
9.213870186,1.318504013,0
9.499162362,1.922597418,0
-3.89018483,-5.844902137,0
3.56300483,9.942583892,0
-6.656513285,0.606356487,0
-12.99605341,0.698139985,0
-6.373339174,10.16006417,0
5.136281602,9.53089171,0
5.733087188,-6.468442573,0
-10.09382283,5.119196793,0
-10.59006464,5.934106699,0
-13.08895302,0.480785082,0
8.599451878,-3.166137979,0
4.017885398,9.873130094,0
-11.10557858,5.237381801,0
7.317786087,6.225047695,0
8.998731062,3.929446412,0
-6.732804117,0.036123578,0
-10.17740537,7.29583952,0
6.45759688,-5.816898232,0
1.965231509,-1.710948107,0
-12.78373268,1.012861335,0
9.016335977,-1.888434286,0
-3.205343206,-6.273815134,0
7.993131161,6.896477274,0
-1.399378192,-7.167608632,0
-4.495355936,-5.825880625,0
1.676898985,10.45909242,0
8.242761401,4.07098968,0
-7.294696088,9.222832756,0
2.694123374,10.43401551,0
-8.764417127,8.909600612,0
-6.353796457,-3.172943776,0
3.409824174,10.17364111,0
-2.827414538,4.4865578,0
-6.222037829,-1.774276949,0
-2.842988697,11.03742313,0
1.097416673,4.641335196,0
-0.680517255,4.351228927,0
-10.37460481,7.10969586,0
-8.267309574,7.920867054,0
1.974801443,3.138837549,0
9.526697766,-1.265454485,0
2.487055126,3.493133063,0
7.933758147,5.990405334,0
3.570913107,-7.572359129,0
0.115756452,4.171677356,0
-6.526770581,-0.708158311,0
-4.217754927,-6.195468487,0
5.95959511,-5.860671802,0
2.954543202,0.749976051,0
-5.803710294,1.067943876,0
8.759913121,-2.455850244,0
-4.262233788,-5.957674649,0
-2.622822464,11.10074054,0
1.071366367,4.360751953,0
9.293010202,1.215106535,0
-6.651536052,-0.222270366,0
-2.373385455,-7.362868559,0
-6.299021228,-0.70659154,0
-5.688788506,10.13354868,0
5.147228694,9.086862958,0
1.069898187,-1.596844789,0
7.483194138,6.430206234,0
7.116859466,7.461612929,0
2.793405128,2.442586216,0
4.62209378,-7.193773821,0
2.922578384,0.631751981,0
0.188590866,4.319610962,0
8.627141733,5.802736233,0
-2.823198626,10.91752571,0
-5.538801445,-4.208258298,0
-5.310861389,-4.165925092,0
-4.391651311,-5.456045312,0
-11.6594399,4.408247227,0
3.388808404,2.063925563,0
0.881093597,-7.421058081,0
-4.302307597,3.50953461,0
8.429109666,5.299784494,0
1.45108181,-1.274722128,0
-6.853492625,9.286308716,0
2.552357703,10.02252605,0
-5.165708155,3.501006874,0
3.374588857,10.83341909,0
-12.67489689,0.365348265,0
-10.043618,6.774304826,0
-12.1044617,2.8834469,0
-6.633562205,9.727863489,0
-0.566407782,-0.897613728,0
-2.176155445,12.47297455,0
-7.031584595,10.21594301,0
-6.013656778,-1.490666932,0
-6.486628428,-2.11237263,0
-5.802834949,10.00808048,0
-2.936194536,-6.792382551,0
-10.2400381,6.8378086,0
-3.667308018,-6.269379001,0
4.194369745,-7.000638233,0
0.706580367,4.572986095,0
9.730151012,-0.698470555,0
7.099405123,-5.307313912,0
-5.961076182,0.67494306,0
-12.7809118,0.304259369,0
1.894440076,4.042031197,0
9.368336642,1.78431985,0
-5.342765625,10.60937166,0
-6.039775327,-3.848860801,0
0.789356791,-1.39081717,0
-13.07433588,0.081166003,0
-9.636087671,7.164231541,0
1.046165962,-7.216494854,0
-10.40087721,6.447932068,0
7.008609745,7.573569531,0
8.295639064,-3.355761745,0
6.18302128,7.741266136,0
1.761732658,-7.878719702,0
5.103261356,-6.966870474,0
8.778017222,4.219356223,0
5.095752667,9.685148712,0
0.036533611,11.16379437,0
8.938325909,3.729197761,0
-3.755612315,10.42341762,0
8.711346953,5.844645679,0
